MEAN_DEMAND,LEAD_MODE,DISRUPT_DAYS,Method,Run,fill_rate,cost,lost_demand,bullwhip
15,3,10,DQN,0,100.0,67511.0,0,7.039905377028905
15,3,10,DQN,1,100.0,66941.0,0,7.0486074745090885
15,3,10,DQN,2,100.0,66720.0,0,7.031014583432027
15,3,10,DQN,3,100.0,66310.0,0,7.039905377028905
15,3,10,DQN,4,100.0,66149.5,0,7.065448354872462
15,3,10,DQN,5,100.0,65024.5,0,7.121531220048184
15,3,10,DQN,6,100.0,65877.5,0,7.11309421692401
15,3,10,DQN,7,100.0,65755.5,0,7.077478272145229
15,3,10,DQN,8,100.0,67006.5,0,7.031014583432027
15,3,10,DQN,9,100.0,66846.5,0,7.039905377028904
15,3,10,DQN,10,100.0,66329.5,0,7.048607474509088
15,3,10,DQN,11,100.0,66357.5,0,7.039905377028905
15,3,10,DQN,12,100.0,66357.5,0,7.048607474509088
15,3,10,DQN,13,100.0,66213.5,0,7.048607474509088
15,3,10,DQN,14,100.0,67346.5,0,7.095661215247405
15,3,10,DQN,15,100.0,66046.5,0,7.057121573913018
15,3,10,DQN,16,100.0,66448.0,0,7.150807395861696
15,3,10,DQN,17,100.0,67987.5,0,6.992118627415881
15,3,10,DQN,18,100.0,66417.0,0,7.10447110815808
15,3,10,DQN,19,100.0,66796.0,0,7.031014583432027
15,3,10,DQN,20,100.0,66235.0,0,6.983525278866896
15,3,10,DQN,21,100.0,65946.5,0,7.039905377028905
15,3,10,DQN,22,100.0,65298.0,0,7.095661215247405
15,3,10,DQN,23,100.0,65404.5,0,7.095661215247405
15,3,10,DQN,24,100.0,67134.0,0,7.031014583432027
15,3,10,DQN,25,100.0,66520.0,0,7.065448354872462
15,3,10,DQN,26,100.0,67075.0,0,7.057121573913018
15,3,10,DQN,27,100.0,64410.5,0,7.129782778212981
15,3,10,DQN,28,100.0,67336.0,0,7.0486074745090885
15,3,10,DQN,29,100.0,66167.0,0,7.11309421692401
15,3,30,DQN,0,100.0,58138.0,0,16.826617224679207
15,3,30,DQN,1,93.98440401039733,65113.0,324,24.59520279954223
15,3,30,DQN,2,96.59763313609469,68309.5,184,25.167978853438917
15,3,30,DQN,3,98.77266898699396,82245.5,67,28.140734167698813
15,3,30,DQN,4,100.0,70843.0,0,20.62590992854155
15,3,30,DQN,5,96.06126914660832,66286.5,216,21.496696553650043
15,3,30,DQN,6,100.0,58009.5,0,17.376070221738434
15,3,30,DQN,7,97.52339020363236,73370.5,135,26.770361969489347
15,3,30,DQN,8,96.98275862068964,59971.5,168,19.666131796851385
15,3,30,DQN,9,97.11873738300606,77175.0,157,28.22826470719212
15,3,30,DQN,10,94.3416956601355,63542.0,309,24.910774660556594
15,3,30,DQN,11,100.0,66110.5,0,18.350915899292424
15,3,30,DQN,12,98.34605597964376,89929.5,91,29.73938634654334
15,3,30,DQN,13,94.82758620689656,69246.0,285,24.92638815435296
15,3,30,DQN,14,98.34123222748816,63476.0,91,19.816004836084566
15,3,30,DQN,15,95.07398051245038,70088.5,273,24.681773980977624
15,3,30,DQN,16,95.00924214417743,69832.5,270,25.87303420151508
15,3,30,DQN,17,95.86357039187229,68338.0,228,25.48401785575488
15,3,30,DQN,18,100.0,65266.5,0,20.386703739756832
15,3,30,DQN,19,100.0,58768.5,0,15.31406373061068
15,3,30,DQN,20,97.2992700729927,63428.0,148,21.80134583409117
15,3,30,DQN,21,95.52158273381296,76010.0,249,28.69179090485777
15,3,30,DQN,22,100.0,68578.5,0,21.52222932606124
15,3,30,DQN,23,96.2561041779707,59185.0,207,20.61511092678864
15,3,30,DQN,24,100.0,71798.0,0,24.98228558612881
15,3,30,DQN,25,100.0,72802.5,0,24.440086348647437
15,3,30,DQN,26,95.86294878804446,78079.0,227,28.15317901604677
15,3,30,DQN,27,100.0,67672.0,0,18.289937095617805
15,3,30,DQN,28,94.54183986987168,61938.5,302,22.11328357152394
15,3,30,DQN,29,97.03042448533432,66341.0,163,23.95195457794801
15,3,60,DQN,0,95.05150846210448,103249.0,269,17.620932978682468
15,3,60,DQN,1,92.3560984638164,101786.5,413,16.977682302903048
15,3,60,DQN,2,93.8529901870024,102052.5,332,17.34393005280557
15,3,60,DQN,3,92.41837299391256,101527.5,411,18.194751366645583
15,3,60,DQN,4,93.83723037882908,101791.0,340,17.180871213291653
15,3,60,DQN,5,92.0305289314874,101400.0,449,17.085437619363137
15,3,60,DQN,6,93.6542669584245,102118.5,348,17.8140489228434
15,3,60,DQN,7,94.36517970019868,102893.5,312,18.150348924261312
15,3,60,DQN,8,93.4157875591124,101788.5,362,17.485162463111934
15,3,60,DQN,9,95.0526121469448,102761.0,268,16.973039453954566
15,3,60,DQN,10,93.293564714389,101241.0,371,17.245046555458863
15,3,60,DQN,11,93.95236323036843,101270.5,325,17.70761890574055
15,3,60,DQN,12,92.986301369863,101612.5,384,17.09773435788029
15,3,60,DQN,13,93.88502380080556,102032.0,334,17.735573640004606
15,3,60,DQN,14,93.18513119533527,101432.0,374,17.368869078342776
15,3,60,DQN,15,92.2814575480165,101883.0,430,16.855662018753474
15,3,60,DQN,16,94.34205676373018,102860.5,307,17.731340907159908
15,3,60,DQN,17,94.0379913485048,101424.0,317,17.829071037674087
15,3,60,DQN,18,95.3970291582615,102338.5,251,17.63008908892813
15,3,60,DQN,19,93.19371727748693,101689.5,377,17.110899628451808
15,3,60,DQN,20,94.13680781758956,102199.0,324,17.30370704069932
15,3,60,DQN,21,92.87276704338316,102633.0,391,18.290826263167524
15,3,60,DQN,22,95.08531157270028,101132.0,265,16.934521166268436
15,3,60,DQN,23,96.01267002049562,102364.5,214,18.07028804251127
15,3,60,DQN,24,94.7495361781076,101423.0,283,17.552216818856405
15,3,60,DQN,25,94.92740305090976,103614.0,276,17.691715855395437
15,3,60,DQN,26,94.75966750993857,102616.0,290,17.45788165344978
15,3,60,DQN,27,94.36771300448432,101874.0,314,17.379237779559297
15,3,60,DQN,28,93.75112551773816,102039.5,347,16.877913139987665
15,3,60,DQN,29,93.96901512357064,101563.0,327,17.175045065896484
15,3,90,DQN,0,85.64292321924144,116806.0,776,22.709723289147405
15,3,90,DQN,1,86.42542248346804,118652.0,739,22.95137244188863
15,3,90,DQN,2,87.40577312005884,116659.5,685,23.407801887751837
15,3,90,DQN,3,87.54578754578755,115940.5,680,23.33071498770972
15,3,90,DQN,4,86.3586956521739,115193.0,753,23.754915080721187
15,3,90,DQN,5,86.48794530406622,117071.5,751,22.491521028401216
15,3,90,DQN,6,87.3594486760972,115835.0,697,23.532316887095615
15,3,90,DQN,7,86.32558139534883,115508.5,735,23.126923040854063
15,3,90,DQN,8,86.84872439813151,116809.5,732,22.96815454275808
15,3,90,DQN,9,87.30390368478658,116047.0,696,23.266065722937707
15,3,90,DQN,10,87.18783930510315,115800.0,708,23.08198176130353
15,3,90,DQN,11,87.2926162260711,116900.5,697,23.252888340228456
15,3,90,DQN,12,86.82917955248317,115910.0,724,22.92126468597509
15,3,90,DQN,13,87.21570066030814,116228.5,697,23.187374671459157
15,3,90,DQN,14,88.39155749636099,117442.5,638,22.2835915808845
15,3,90,DQN,15,87.66174594496081,115788.0,677,23.407801887751837
15,3,90,DQN,16,87.09190413285526,115830.0,684,23.6822864433861
15,3,90,DQN,17,86.62603083542488,118042.5,746,22.68756740250368
15,3,90,DQN,18,85.79576816927323,115628.5,772,23.344009210017308
15,3,90,DQN,19,85.90222222222222,115176.5,793,23.56281190690704
15,3,90,DQN,20,87.37933500178762,117248.5,706,22.99694976524137
15,3,90,DQN,21,85.0053744177714,116376.5,837,22.771886813538355
15,3,90,DQN,22,85.39098436062558,115049.0,794,22.856497234177755
15,3,90,DQN,23,86.87774524158127,116139.0,717,22.98906052308976
15,3,90,DQN,24,84.68192467111191,117269.0,850,22.6476653290178
15,3,90,DQN,25,84.67313678813404,114598.0,837,23.52311812627497
15,3,90,DQN,26,86.96673897324656,116821.0,721,23.220262363390358
15,3,90,DQN,27,87.06942236354,115869.0,732,23.50678545190418
15,3,90,DQN,28,85.6297093649085,114668.0,801,23.620877015633383
15,3,90,DQN,29,84.95852534562212,115513.5,816,23.312208400034635
15,7,10,DQN,0,98.12050856826976,130704.5,102,17.280701110996514
15,7,10,DQN,1,98.1498442938267,130945.0,101,17.461464241894067
15,7,10,DQN,2,98.6065273193986,131164.5,76,17.181963395992895
15,7,10,DQN,3,97.66007618356612,133015.5,129,16.62436616113787
15,7,10,DQN,4,98.75406283856988,132246.0,69,16.39400409412901
15,7,10,DQN,5,98.04241435562804,131399.5,108,17.014411855726074
15,7,10,DQN,6,97.95549122489597,132652.5,113,16.66495268599709
15,7,10,DQN,7,97.50692520775624,130631.5,135,17.550078469029526
15,7,10,DQN,8,98.83093525179856,131219.0,65,17.106804852235125
15,7,10,DQN,9,97.20434062902336,131044.5,152,17.736984326487434
15,7,10,DQN,10,98.1063364894392,132306.0,104,16.26545293034323
15,7,10,DQN,11,98.59104690565364,132296.0,79,16.833753068892193
15,7,10,DQN,12,97.79145546705286,131572.0,122,16.773747460410892
15,7,10,DQN,13,97.5172671271234,130436.5,133,17.124200888890186
15,7,10,DQN,14,97.2033118675253,132587.5,152,16.77419494530367
15,7,10,DQN,15,98.8207112585222,130956.0,64,17.195500698175735
15,7,10,DQN,16,97.59279676589487,131290.5,131,17.445695349643245
15,7,10,DQN,17,96.90702440842183,130415.5,166,17.25534466106052
15,7,10,DQN,18,98.9004947773502,131760.5,60,17.181963395992895
15,7,10,DQN,19,97.91741472172352,131980.0,116,16.454938363898684
15,7,10,DQN,20,97.33976075700768,132274.0,149,16.86879373025988
15,7,10,DQN,21,98.5612820979785,131704.5,79,16.454938363898684
15,7,10,DQN,22,98.0888241718238,133577.5,105,16.138823534271936
15,7,10,DQN,23,98.84539058271696,132570.0,64,16.30171520297263
15,7,10,DQN,24,97.9816513761468,132571.0,110,16.234119367498998
15,7,10,DQN,25,97.7930535455861,132695.5,122,15.912596699506604
15,7,10,DQN,26,98.26401446654612,131787.0,96,17.033371224890246
15,7,10,DQN,27,98.29907866761162,131822.5,96,16.454938363898684
15,7,10,DQN,28,98.72210223182144,130881.0,71,16.930383731277228
15,7,10,DQN,29,97.80380673499268,131342.5,120,16.64933107313808
15,7,30,DQN,0,100.0,134148.0,0,10.85832843619809
15,7,30,DQN,1,100.0,135499.0,0,10.734809237014929
15,7,30,DQN,2,100.0,135538.0,0,11.24378577076012
15,7,30,DQN,3,100.0,134121.5,0,10.508197659549776
15,7,30,DQN,4,100.0,133766.0,0,10.82602083943417
15,7,30,DQN,5,100.0,132407.0,0,10.684697339665624
15,7,30,DQN,6,100.0,134647.5,0,10.384127886634117
15,7,30,DQN,7,100.0,133408.0,0,10.634819850708393
15,7,30,DQN,8,100.0,134247.5,0,7.593375285104055
15,7,30,DQN,9,100.0,134974.5,0,9.821449712771487
15,7,30,DQN,10,100.0,134174.0,0,11.066481122791853
15,7,30,DQN,11,100.0,134467.0,0,10.409516843169904
15,7,30,DQN,12,100.0,134687.5,0,11.369918028144395
15,7,30,DQN,13,100.0,133471.0,0,10.260020968526238
15,7,30,DQN,14,100.0,134580.0,0,9.87188844763184
15,7,30,DQN,15,100.0,133925.5,0,10.031787845319048
15,7,30,DQN,16,100.0,133849.0,0,10.53008034661114
15,7,30,DQN,17,100.0,134647.5,0,9.87606949186994
15,7,30,DQN,18,100.0,134253.5,0,10.287905316880344
15,7,30,DQN,19,100.0,133268.0,0,10.682940922177362
15,7,30,DQN,20,100.0,133544.0,0,10.766344796237512
15,7,30,DQN,21,100.0,135488.0,0,10.570751600117209
15,7,30,DQN,22,100.0,134397.5,0,10.564477348529298
15,7,30,DQN,23,100.0,134193.0,0,8.317223434963408
15,7,30,DQN,24,100.0,134304.0,0,9.723390214208823
15,7,30,DQN,25,100.0,134200.5,0,10.897315521817076
15,7,30,DQN,26,100.0,133706.5,0,10.33824644044211
15,7,30,DQN,27,100.0,133995.0,0,10.543496660215812
15,7,30,DQN,28,100.0,132659.0,0,10.223253805475856
15,7,30,DQN,29,100.0,134981.5,0,10.36302350707404
15,7,60,DQN,0,95.22388059701493,129386.5,256,15.656281784540829
15,7,60,DQN,1,95.06015311702517,131002.0,271,16.479628553240143
15,7,60,DQN,2,96.89737470167064,130468.5,169,15.988361313912757
15,7,60,DQN,3,95.31447107586952,129929.0,260,16.81032724310837
15,7,60,DQN,4,94.47952372361536,129855.5,306,16.9925603434108
15,7,60,DQN,5,92.81556929792652,127270.5,395,16.748221058167587
15,7,60,DQN,6,95.12731269463272,128926.5,266,16.39934488147133
15,7,60,DQN,7,93.56122264423946,128955.5,356,16.516178041889805
15,7,60,DQN,8,95.3584973812534,129127.0,257,16.59310720164752
15,7,60,DQN,9,95.93871146390993,130350.0,220,16.66938115131224
15,7,60,DQN,10,93.90288426433004,129050.0,334,15.91220360467524
15,7,60,DQN,11,94.35916404660624,129588.0,305,16.620603136303423
15,7,60,DQN,12,94.16803353380718,129982.0,320,15.74790453215721
15,7,60,DQN,13,93.75684556407448,128948.5,342,16.90931145586073
15,7,60,DQN,14,95.95439499816108,129305.5,220,16.05543346555335
15,7,60,DQN,15,94.60550458715596,129075.5,294,16.414518484831795
15,7,60,DQN,16,95.2169898430286,129554.0,259,16.32050601604477
15,7,60,DQN,17,96.3670064874884,129083.0,196,16.045378821407954
15,7,60,DQN,18,95.1224001472483,129425.5,265,16.183565740823965
15,7,60,DQN,19,94.83482387296952,129204.5,283,16.355422453209318
15,7,60,DQN,20,93.25761672976384,129231.0,374,16.811815567583
15,7,60,DQN,21,95.81566820276498,130614.5,227,16.284516056329117
15,7,60,DQN,22,95.63683624210915,129595.0,235,16.143706301316893
15,7,60,DQN,23,95.7665285534138,128857.5,235,16.783142137611154
15,7,60,DQN,24,95.4104955202048,129762.0,251,16.661949667144366
15,7,60,DQN,25,94.11334552102376,129326.0,322,16.501022105647166
15,7,60,DQN,26,95.11029411764706,129013.0,266,16.389959197463757
15,7,60,DQN,27,96.0836434520645,129066.5,221,16.183565740823965
15,7,60,DQN,28,93.46488052136134,128988.5,361,16.549699021035714
15,7,60,DQN,29,95.79335793357934,129732.5,228,16.827063303597612
15,7,90,DQN,0,87.24556489262372,126546.5,683,10.680012917791268
15,7,90,DQN,1,87.63840987475041,128596.5,681,10.684580254149246
15,7,90,DQN,2,88.33948339483395,127691.5,632,10.42500854448386
15,7,90,DQN,3,86.4424968699696,127615.5,758,11.037050144248594
15,7,90,DQN,4,85.27354260089686,126946.0,821,11.268126004985351
15,7,90,DQN,5,85.58967835725969,125049.0,793,11.201426067965157
15,7,90,DQN,6,86.21706283397825,126759.5,748,11.020034979590491
15,7,90,DQN,7,84.88455988455989,126931.0,838,11.193605480495014
15,7,90,DQN,8,86.40969960188201,126362.5,751,11.117910390190168
15,7,90,DQN,9,87.78640059127864,126577.0,661,10.856600109372271
15,7,90,DQN,10,85.12486427795875,127136.0,822,11.255128867086528
15,7,90,DQN,11,86.74875941922441,126176.0,721,11.443837037571392
15,7,90,DQN,12,87.33223018937305,126483.0,689,11.037050144248592
15,7,90,DQN,13,87.03875394029296,125783.5,699,11.334102314416429
15,7,90,DQN,14,87.20569446979376,126940.0,701,10.726065303151524
15,7,90,DQN,15,86.8440502586844,126900.5,712,10.878931947473436
15,7,90,DQN,16,86.27958579881657,126266.0,742,10.91681414952778
15,7,90,DQN,17,89.28904646389252,125784.0,574,10.36917836118935
15,7,90,DQN,18,86.66297731045933,126510.5,723,11.045547897424004
15,7,90,DQN,19,86.15300745048155,126960.0,762,11.2626845845936
15,7,90,DQN,20,86.2547288776797,126820.0,763,11.1736941875308
15,7,90,DQN,21,86.94617356279751,127681.5,713,11.115659709898637
15,7,90,DQN,22,87.1961402857673,126452.5,690,11.078457470636064
15,7,90,DQN,23,86.59498207885305,125905.5,748,11.119485595337707
15,7,90,DQN,24,86.640940830577,126846.5,727,11.1048500947873
15,7,90,DQN,25,85.72479764532744,127306.5,776,10.821628803724376
15,7,90,DQN,26,87.13235294117648,126201.0,700,10.675560813087175
15,7,90,DQN,27,86.9943222143364,126611.5,733,10.895019271391892
15,7,90,DQN,28,85.15810637908974,126639.5,812,11.09504478428306
15,7,90,DQN,29,88.72977496745396,126375.5,606,10.854179989473442
15,14,10,DQN,0,100.0,129419.5,0,21.788603187755285
15,14,10,DQN,1,100.0,118313.0,0,27.66105875620735
15,14,10,DQN,2,100.0,100428.0,0,29.06985738689479
15,14,10,DQN,3,100.0,88749.0,0,24.755664702944127
15,14,10,DQN,4,100.0,108340.5,0,28.78907620719101
15,14,10,DQN,5,100.0,112038.5,0,28.233670969133986
15,14,10,DQN,6,100.0,87757.5,0,25.521005052316028
15,14,10,DQN,7,100.0,85021.5,0,24.138266464789663
15,14,10,DQN,8,100.0,109742.0,0,29.373900765177694
15,14,10,DQN,9,100.0,107831.5,0,29.018988742501957
15,14,10,DQN,10,100.0,102381.5,0,28.811099242212716
15,14,10,DQN,11,100.0,112943.0,0,28.575486937997518
15,14,10,DQN,12,100.0,89066.0,0,25.65852523885413
15,14,10,DQN,13,100.0,83739.5,0,23.7663929460247
15,14,10,DQN,14,100.0,98290.0,0,29.349273775432767
15,14,10,DQN,15,100.0,116331.5,0,27.87200548149106
15,14,10,DQN,16,100.0,101871.0,0,29.13386578339857
15,14,10,DQN,17,100.0,76544.5,0,15.69100199570438
15,14,10,DQN,18,100.0,109646.0,0,29.246366814565697
15,14,10,DQN,19,100.0,116506.0,0,27.881429598742454
15,14,10,DQN,20,100.0,124244.0,0,25.473559489485652
15,14,10,DQN,21,100.0,89317.0,0,26.526670111127544
15,14,10,DQN,22,100.0,136769.5,0,15.265790137859986
15,14,10,DQN,23,100.0,78817.5,0,17.076135993445035
15,14,10,DQN,24,100.0,117903.0,0,27.466351238668786
15,14,10,DQN,25,100.0,123693.5,0,25.88458778223604
15,14,10,DQN,26,100.0,131945.5,0,20.326847008976276
15,14,10,DQN,27,100.0,78865.5,0,20.354154660282425
15,14,10,DQN,28,100.0,120877.0,0,26.28985668863233
15,14,10,DQN,29,100.0,77856.0,0,16.67650925983578
15,14,30,DQN,0,100.0,133476.5,0,6.89174075060801
15,14,30,DQN,1,100.0,133774.5,0,5.827958187995246
15,14,30,DQN,2,100.0,133816.5,0,5.654067065877285
15,14,30,DQN,3,100.0,132370.5,0,6.331474642732185
15,14,30,DQN,4,100.0,132159.5,0,5.769709503740462
15,14,30,DQN,5,100.0,132039.5,0,9.474198137555446
15,14,30,DQN,6,100.0,133440.5,0,9.152762731318496
15,14,30,DQN,7,100.0,132691.0,0,10.490801744791217
15,14,30,DQN,8,100.0,133572.5,0,7.087722948944062
15,14,30,DQN,9,100.0,133520.0,0,5.9507370684833925
15,14,30,DQN,10,100.0,133083.0,0,6.415874476585844
15,14,30,DQN,11,100.0,133385.0,0,5.725524873625237
15,14,30,DQN,12,100.0,133907.5,0,5.6091945713523055
15,14,30,DQN,13,100.0,132065.5,0,6.690019771734145
15,14,30,DQN,14,100.0,133432.0,0,6.596237727760494
15,14,30,DQN,15,100.0,132231.5,0,5.95997995851484
15,14,30,DQN,16,100.0,132968.5,0,5.891366599765748
15,14,30,DQN,17,100.0,133195.0,0,5.543461743268416
15,14,30,DQN,18,100.0,133373.0,0,6.989971280701756
15,14,30,DQN,19,100.0,133122.0,0,9.759092294084198
15,14,30,DQN,20,100.0,132552.0,0,5.848315122040315
15,14,30,DQN,21,100.0,133792.0,0,5.848315122040315
15,14,30,DQN,22,100.0,133480.0,0,10.583407150434397
15,14,30,DQN,23,100.0,133746.0,0,7.34175011846812
15,14,30,DQN,24,100.0,133389.5,0,6.010353653090317
15,14,30,DQN,25,100.0,134107.5,0,5.6091945713523055
15,14,30,DQN,26,100.0,132692.0,0,5.795238359201238
15,14,30,DQN,27,100.0,133480.5,0,6.516671269989641
15,14,30,DQN,28,100.0,130996.5,0,6.741619068144812
15,14,30,DQN,29,100.0,134220.5,0,7.856217131669745
15,14,60,DQN,0,95.9141791044776,129187.5,219,10.171851679283897
15,14,60,DQN,1,94.54976303317537,130578.0,299,11.58399881671808
15,14,60,DQN,2,96.75050486506332,129989.0,177,10.04898243176542
15,14,60,DQN,3,95.90917282393224,129034.5,227,11.208906376650017
15,14,60,DQN,4,94.82229839437127,130187.5,287,10.21896996862286
15,14,60,DQN,5,93.47035285558384,128047.0,359,10.48101877445949
15,14,60,DQN,6,95.42040666788787,128403.5,250,11.234769859401098
15,14,60,DQN,7,93.86869234943028,128726.5,339,10.5129586400897
15,14,60,DQN,8,95.3765577027271,129509.0,256,10.36302350707404
15,14,60,DQN,9,96.2894591102086,129583.0,201,10.455564142718618
15,14,60,DQN,10,93.55604235122308,128907.5,353,10.828793838904888
15,14,60,DQN,11,94.89550582578138,130289.0,276,10.461664553047552
15,14,60,DQN,12,94.56898122835794,129436.5,298,10.961757619365194
15,14,60,DQN,13,93.53778751369111,128993.5,354,10.274520533334114
15,14,60,DQN,14,95.7888929753586,129262.0,229,10.71439562445301
15,14,60,DQN,15,95.04587155963304,129194.5,270,10.200590290976107
15,14,60,DQN,16,96.01108033240996,129637.0,216,10.52710982575668
15,14,60,DQN,17,96.68211306765524,129105.0,179,10.174557057149402
15,14,60,DQN,18,95.4537088164918,129261.5,247,10.634819850708393
15,14,60,DQN,19,95.2728600109509,129671.5,259,10.484002354688576
15,14,60,DQN,20,93.51000540832882,129201.5,360,10.981483588191107
15,14,60,DQN,21,95.81566820276498,130045.0,227,10.711009039448504
15,14,60,DQN,22,96.0638692907538,128972.0,212,10.677669936187096
15,14,60,DQN,23,95.56836606016934,128777.0,246,10.46991239174002
15,14,60,DQN,24,95.64819893947704,129484.5,238,10.485553480901146
15,14,60,DQN,25,94.18647166361974,129780.0,318,10.025051500954866
15,14,60,DQN,26,95.4779411764706,129517.5,246,9.901624071554837
15,14,60,DQN,27,96.95197589934432,129235.0,172,10.15708238802574
15,14,60,DQN,28,93.51734156528056,128755.5,357,10.940395328921475
15,14,60,DQN,29,95.71955719557197,129350.0,232,10.50367272918866
15,14,90,DQN,0,80.42113040265977,79445.0,1060,21.407471882033587
15,14,90,DQN,1,79.76011994002998,82199.0,1080,21.50495876284714
15,14,90,DQN,2,82.65287271383706,79323.0,939,21.177095678406065
15,14,90,DQN,3,80.97328942553969,82644.5,1040,21.090671239574984
15,14,90,DQN,4,82.62750045053163,81051.5,964,20.65591117977289
15,14,90,DQN,5,82.34763793725207,81997.5,979,21.20549125104388
15,14,90,DQN,6,80.82267926625903,79668.5,1035,21.35446113979674
15,14,90,DQN,7,85.13711151736746,83864.5,813,20.243405316553915
15,14,90,DQN,8,80.84380610412927,79348.0,1067,21.128362602467263
15,14,90,DQN,9,85.01906664245506,82899.0,825,20.15248060439557
15,14,90,DQN,10,86.67992047713717,82981.5,737,20.03768264644754
15,14,90,DQN,11,85.58344019051108,81593.0,787,20.062266242950404
15,14,90,DQN,12,85.60029017047516,83466.5,794,20.442040629127018
15,14,90,DQN,13,80.62127505869604,79835.0,1073,21.21044624617417
15,14,90,DQN,14,78.69276218611522,81530.5,1154,22.166003406386707
15,14,90,DQN,15,78.2656221533977,80734.0,1193,21.88850781241338
15,14,90,DQN,16,82.01705598813497,79884.5,970,21.363305398258262
15,14,90,DQN,17,82.92456335934597,81353.0,919,21.269639701416786
15,14,90,DQN,18,83.37572674418605,79479.0,915,20.84815698305949
15,14,90,DQN,19,79.40694924504274,83027.5,1132,21.829044002639723
15,14,90,DQN,20,79.18168709444845,82464.0,1155,21.653254987516032
15,14,90,DQN,21,78.61375471359311,82075.5,1191,21.47544459867076
15,14,90,DQN,22,82.2044906290592,81748.5,959,21.043521549680317
15,14,90,DQN,23,79.25561029009305,80627.0,1137,21.54709319712318
15,14,90,DQN,24,79.01506798970966,84017.5,1142,21.97834106738519
15,14,90,DQN,25,87.01940681069206,82846.5,709,19.81701491623182
15,14,90,DQN,26,83.64125560538118,80722.5,912,20.28865320634303
15,14,90,DQN,27,87.07824838478105,83233.0,720,19.991428700632245
15,14,90,DQN,28,85.67751424894283,80956.0,779,20.321553446938516
15,14,90,DQN,29,78.58578476155674,81725.5,1172,21.77935723515
20,3,10,DQN,0,96.7983651226158,54234.5,235,12.725872567883073
20,3,10,DQN,1,98.73314262362076,52817.5,93,12.271709673977252
20,3,10,DQN,2,98.08917197452227,53831.0,138,12.097294322722275
20,3,10,DQN,3,96.31809471667124,57511.5,269,12.219224153730943
20,3,10,DQN,4,96.01631543167912,53970.5,293,13.714511342182442
20,3,10,DQN,5,97.09246245004825,55290.5,211,12.275149772317258
20,3,10,DQN,6,95.21209575808484,57931.0,342,11.703954388176264
20,3,10,DQN,7,96.66574813998346,55344.0,242,12.248827594679147
20,3,10,DQN,8,96.91611842105264,55276.5,225,12.33241955030404
20,3,10,DQN,9,99.31796480698404,51445.0,50,12.245533344166455
20,3,10,DQN,10,95.4328561690525,55406.5,335,12.155788028172053
20,3,10,DQN,11,96.14267938614682,56619.0,279,12.220836548179673
20,3,10,DQN,12,97.80100447943532,53403.5,162,12.213924787571646
20,3,10,DQN,13,96.0071595759328,56837.5,290,12.474782218761051
20,3,10,DQN,14,97.9033601777284,56677.0,151,12.215768306115187
20,3,10,DQN,15,95.72765495727656,55081.5,315,12.09520002994198
20,3,10,DQN,16,94.9017452246805,56051.0,371,12.005503210495238
20,3,10,DQN,17,96.7896174863388,57494.5,235,12.129516239154352
20,3,10,DQN,18,97.98547348225298,52260.5,147,12.532038131666114
20,3,10,DQN,19,96.58363958078128,54900.5,251,12.19116513760159
20,3,10,DQN,20,96.06135986733004,55576.5,285,12.669048312242106
20,3,10,DQN,21,96.18877270225646,56558.0,277,12.306143626311128
20,3,10,DQN,22,95.78428688748971,59076.5,308,12.725872567883073
20,3,10,DQN,23,97.52182483807378,55257.0,176,12.099310706488712
20,3,10,DQN,24,96.13237096554542,57791.5,284,12.24721888536214
20,3,10,DQN,25,96.8542372881356,54432.5,232,12.278283245004111
20,3,10,DQN,26,94.7841726618705,56260.0,377,12.364484032021704
20,3,10,DQN,27,97.67878706561116,53355.0,173,12.644881893218727
20,3,10,DQN,28,97.1357409713574,54395.0,207,12.502204722062675
20,3,10,DQN,29,99.10520607375273,50666.0,66,12.471999037543815
20,3,30,DQN,0,100.0,131452.0,0,8.391794686011293
20,3,30,DQN,1,100.0,135019.5,0,7.989014788464116
20,3,30,DQN,2,99.18088737201364,133350.5,60,8.098196366309889
20,3,30,DQN,3,100.0,133574.0,0,8.019492110235925
20,3,30,DQN,4,100.0,134401.0,0,8.276965801689766
20,3,30,DQN,5,100.0,133729.5,0,8.019492110235923
20,3,30,DQN,6,100.0,134338.5,0,7.955590756331632
20,3,30,DQN,7,100.0,134543.5,0,8.109774155606594
20,3,30,DQN,8,100.0,133869.0,0,8.158681469312038
20,3,30,DQN,9,100.0,133613.0,0,8.116597304957683
20,3,30,DQN,10,100.0,135658.5,0,7.647713456380449
20,3,30,DQN,11,100.0,135058.5,0,7.6206748836383715
20,3,30,DQN,12,100.0,135788.0,0,7.715138542645876
20,3,30,DQN,13,100.0,135024.5,0,7.6898014018275935
20,3,30,DQN,14,100.0,135366.5,0,7.8343710093666
20,3,30,DQN,15,99.5858069860555,132687.0,30,8.334803148041786
20,3,30,DQN,16,100.0,134547.0,0,7.689801401827593
20,3,30,DQN,17,100.0,134367.0,0,8.218264789441342
20,3,30,DQN,18,100.0,135362.0,0,7.757828266871943
20,3,30,DQN,19,99.98625996152788,134024.0,1,8.158681469312036
20,3,30,DQN,20,100.0,134850.0,0,8.098196366309889
20,3,30,DQN,21,100.0,134000.5,0,8.098196366309889
20,3,30,DQN,22,100.0,135011.5,0,8.109774155606594
20,3,30,DQN,23,99.4401966138722,130870.5,41,8.50330811079853
20,3,30,DQN,24,100.0,134586.5,0,8.158681469312038
20,3,30,DQN,25,100.0,134318.5,0,8.082423957658863
20,3,30,DQN,26,100.0,134922.5,0,7.790173812664619
20,3,30,DQN,27,100.0,133692.0,0,7.955590756331632
20,3,30,DQN,28,99.79575163398692,133619.5,15,8.036789119930205
20,3,30,DQN,29,100.0,134491.5,0,8.117175274332062
20,3,60,DQN,0,91.65976249654793,130782.5,604,14.63363818348907
20,3,60,DQN,1,92.60228681636588,132836.0,537,14.785956425347416
20,3,60,DQN,2,91.97160021845986,131006.5,588,15.170452065624108
20,3,60,DQN,3,91.77111716621252,131271.5,604,14.581675418899671
20,3,60,DQN,4,91.2921722896386,131396.5,653,15.009410946595573
20,3,60,DQN,5,92.99513551077136,131003.0,504,14.863676520792838
20,3,60,DQN,6,92.16925401840912,131392.0,570,14.917864824980342
20,3,60,DQN,7,92.4781181619256,131258.0,550,14.987828927181535
20,3,60,DQN,8,92.21260815822002,132180.0,567,14.82575343478329
20,3,60,DQN,9,92.84525790349416,130993.5,516,14.954299557272469
20,3,60,DQN,10,93.029930299303,132020.0,510,14.92000310909418
20,3,60,DQN,11,92.74618585298197,130612.5,523,15.177872012787388
20,3,60,DQN,12,92.78209851275754,131853.0,529,14.926038963646878
20,3,60,DQN,13,92.5834022608216,131496.5,538,14.965212679488245
20,3,60,DQN,14,93.07467667918232,131967.0,498,14.473949525339494
20,3,60,DQN,15,91.25069328896284,131075.5,631,15.279223865401912
20,3,60,DQN,16,92.36319085216444,131805.5,561,14.914719732618874
20,3,60,DQN,17,93.547943320952,131309.5,469,14.429671688324692
20,3,60,DQN,18,91.96075759640276,131852.0,590,14.904650977274272
20,3,60,DQN,19,91.57764995891536,131975.5,615,14.964272206564912
20,3,60,DQN,20,91.84235910155712,131874.0,592,14.915789138428714
20,3,60,DQN,21,92.52362042996027,131169.5,546,14.911699819876622
20,3,60,DQN,22,93.65982241953384,130886.0,457,14.617921122361276
20,3,60,DQN,23,91.6918429003021,130581.5,605,14.485159772369622
20,3,60,DQN,24,92.6298388207742,131472.0,535,14.35790274950466
20,3,60,DQN,25,92.27000544365816,132346.0,568,15.032522446150342
20,3,60,DQN,26,93.28275862068963,131106.0,487,14.960572439457971
20,3,60,DQN,27,92.89885850809662,130811.5,535,15.25125775801298
20,3,60,DQN,28,93.87922771463782,130627.0,447,14.794393708233544
20,3,60,DQN,29,93.629235508261,131503.5,455,15.17904650514664
20,3,90,DQN,0,82.7756445419638,100394.5,1256,9.484953665208405
20,3,90,DQN,1,80.84503239740822,100161.0,1419,9.672144782185525
20,3,90,DQN,2,85.67119155354449,101029.0,1045,9.645139233186184
20,3,90,DQN,3,80.52341597796143,100325.0,1414,10.233436011929026
20,3,90,DQN,4,83.50321888412017,101789.5,1230,9.855876413015904
20,3,90,DQN,5,83.8112223899026,99898.5,1180,9.512118077333389
20,3,90,DQN,6,81.96948682385575,100056.5,1300,10.007690793757396
20,3,90,DQN,7,80.31304817163675,101142.0,1459,10.026236926652183
20,3,90,DQN,8,83.23809523809523,101392.5,1232,9.764731017909805
20,3,90,DQN,9,81.29781420765028,100657.5,1369,9.938070575468608
20,3,90,DQN,10,82.92183876688037,100743.0,1252,9.67359977245819
20,3,90,DQN,11,81.35848025146917,102037.5,1364,10.755562129420984
20,3,90,DQN,12,82.48772504091653,101576.5,1284,10.156220183061734
20,3,90,DQN,13,83.88508891928865,100984.0,1178,9.932026438935395
20,3,90,DQN,14,82.84132841328413,99937.0,1209,10.19559142196324
20,3,90,DQN,15,84.18534718425369,101611.0,1157,10.0824151255786
20,3,90,DQN,16,81.11665281241342,100017.0,1363,10.688706744370062
20,3,90,DQN,17,84.50468073215033,101406.0,1109,9.512118077333389
20,3,90,DQN,18,81.89761092150171,101041.0,1326,10.060615686439974
20,3,90,DQN,19,83.8904109589041,101169.0,1176,10.399416817518778
20,3,90,DQN,20,83.19660924254853,101395.5,1229,10.150121072095386
20,3,90,DQN,21,82.52772833082295,102275.0,1276,10.210948245121626
20,3,90,DQN,22,80.74352548036758,100295.0,1383,9.61366700885269
20,3,90,DQN,23,81.24223602484471,101635.0,1359,10.624433578005156
20,3,90,DQN,24,84.34447654422893,101204.0,1138,9.924655170783536
20,3,90,DQN,25,80.8660351826793,99110.0,1414,9.630731289754433
20,3,90,DQN,26,81.49535303093356,99819.5,1334,10.210029325021033
20,3,90,DQN,27,83.64737550471062,99056.0,1215,9.3710044966795
20,3,90,DQN,28,80.82752970094224,100731.0,1404,10.237194445841794
20,3,90,DQN,29,82.95753216212478,101403.5,1232,10.170068195851758
20,7,10,DQN,0,100.0,134559.5,0,14.584377671280578
20,7,10,DQN,1,100.0,136750.5,0,14.314904633000692
20,7,10,DQN,2,100.0,135751.5,0,14.398035770206912
20,7,10,DQN,3,100.0,135638.0,0,14.048143904340712
20,7,10,DQN,4,100.0,135766.0,0,14.648057363945457
20,7,10,DQN,5,100.0,134682.0,0,14.828917396182485
20,7,10,DQN,6,100.0,135511.0,0,14.183209978679216
20,7,10,DQN,7,100.0,135336.0,0,14.873709931899972
20,7,10,DQN,8,100.0,136372.5,0,14.438122220038109
20,7,10,DQN,9,100.0,136302.0,0,13.885843998084002
20,7,10,DQN,10,100.0,136010.5,0,14.773704279893606
20,7,10,DQN,11,100.0,136505.5,0,14.666365282334212
20,7,10,DQN,12,100.0,136393.0,0,13.75140518929075
20,7,10,DQN,13,100.0,135099.0,0,14.594795958015585
20,7,10,DQN,14,100.0,136074.0,0,13.9507618717546
20,7,10,DQN,15,100.0,135490.5,0,14.561328106475464
20,7,10,DQN,16,100.0,136361.5,0,14.477060753016747
20,7,10,DQN,17,100.0,136216.5,0,14.466687392016528
20,7,10,DQN,18,100.0,136472.5,0,14.144656515366478
20,7,10,DQN,19,100.0,135830.5,0,14.649722665600889
20,7,10,DQN,20,100.0,135909.0,0,14.353654491462231
20,7,10,DQN,21,100.0,136705.5,0,14.532690709849824
20,7,10,DQN,22,100.0,135626.0,0,14.864560237700823
20,7,10,DQN,23,100.0,135854.0,0,14.799466448771868
20,7,10,DQN,24,100.0,136349.0,0,13.992398011124028
20,7,10,DQN,25,100.0,136733.5,0,14.613812656534662
20,7,10,DQN,26,100.0,136342.0,0,14.38343118009978
20,7,10,DQN,27,100.0,134924.5,0,14.765191629068772
20,7,10,DQN,28,100.0,136248.5,0,14.46305495794222
20,7,10,DQN,29,100.0,135064.0,0,15.172616591711172
20,7,30,DQN,0,99.73807554452716,119318.5,19,10.801350318342998
20,7,30,DQN,1,84.39164276935682,87810.5,1143,11.73269878072824
20,7,30,DQN,2,100.0,120575.5,0,10.809599370180972
20,7,30,DQN,3,100.0,118466.0,0,11.080405227077524
20,7,30,DQN,4,78.01608579088472,82053.0,1640,11.514592958673818
20,7,30,DQN,5,98.32664914949522,111465.0,121,11.562731234976882
20,7,30,DQN,6,99.1161441789808,105593.0,64,11.059215561113367
20,7,30,DQN,7,100.0,119776.5,0,10.954622451246443
20,7,30,DQN,8,100.0,117585.0,0,10.788486596713929
20,7,30,DQN,9,99.97206313730968,111973.5,2,11.155934276497645
20,7,30,DQN,10,100.0,122571.0,0,11.08954663912314
20,7,30,DQN,11,76.65461624026696,64345.5,1679,10.793877318989994
20,7,30,DQN,12,77.87344540112068,81205.0,1619,11.247651492737626
20,7,30,DQN,13,99.45496661670528,110088.0,40,11.16602223456012
20,7,30,DQN,14,100.0,116662.0,0,10.603571522361545
20,7,30,DQN,15,99.13969684555512,116901.0,63,10.900787681507827
20,7,30,DQN,16,100.0,112798.5,0,10.819576649832069
20,7,30,DQN,17,100.0,120700.5,0,10.742119526410267
20,7,30,DQN,18,81.8917066483893,87231.0,1321,11.964716376950165
20,7,30,DQN,19,100.0,121921.0,0,10.956078402825058
20,7,30,DQN,20,100.0,120406.5,0,10.733556377147668
20,7,30,DQN,21,100.0,122068.0,0,10.352485394217805
20,7,30,DQN,22,99.22319323068388,106002.0,56,11.170642837361124
20,7,30,DQN,23,100.0,116991.5,0,11.203352445747845
20,7,30,DQN,24,100.0,117191.0,0,11.108313694680474
20,7,30,DQN,25,100.0,119216.5,0,10.898377374011988
20,7,30,DQN,26,100.0,121084.5,0,11.14693148095793
20,7,30,DQN,27,99.66384294742504,113617.0,25,10.996084190172333
20,7,30,DQN,28,77.81385281385282,75658.0,1640,11.533156490316818
20,7,30,DQN,29,100.0,119521.0,0,10.942024671967092
20,7,60,DQN,0,92.3501795084231,131158.5,554,14.133972812511534
20,7,60,DQN,1,92.4231987877118,133249.5,550,13.915947454081415
20,7,60,DQN,2,91.98525395958492,131195.0,587,13.685404574488237
20,7,60,DQN,3,91.82561307901908,131809.5,600,13.98870949174766
20,7,60,DQN,4,92.59901320176024,132009.5,555,13.787383715162882
20,7,60,DQN,5,92.98123697011816,130789.5,505,13.989916750598788
20,7,60,DQN,6,91.4960846270092,131715.5,619,15.669221060634309
20,7,60,DQN,7,91.83533916849017,131703.0,597,13.57187935314066
20,7,60,DQN,8,91.96538936959207,132414.5,585,13.911834010636444
20,7,60,DQN,9,92.17970049916804,131560.0,564,13.627417640207064
20,7,60,DQN,10,92.6609266092661,132015.0,537,14.137158860580064
20,7,60,DQN,11,92.63522884882109,131237.0,531,13.512224888222953
20,7,60,DQN,12,92.5774321189794,131836.5,544,13.855133392937272
20,7,60,DQN,13,92.12848083815824,131646.5,571,14.320343787774002
20,7,60,DQN,14,92.67139479905435,131607.5,527,13.82747624363012
20,7,60,DQN,15,91.27842484747644,131822.0,629,13.462833613683976
20,7,60,DQN,16,92.19983664579362,132164.5,573,13.511947133230152
20,7,60,DQN,17,93.39661576557988,131605.0,480,13.852356616271372
20,7,60,DQN,18,91.74274424308489,131999.5,606,13.68389618582898
20,7,60,DQN,19,91.44070117775952,132200.0,625,13.75924943511916
20,7,60,DQN,20,91.67700151577787,132513.5,604,13.662623912517391
20,7,60,DQN,21,92.29083938107628,132512.0,563,13.52298350049789
20,7,60,DQN,22,93.65982241953384,131362.0,457,13.860549892056577
20,7,60,DQN,23,91.81543531996704,130537.0,596,14.088759728412274
20,7,60,DQN,24,92.34054277448683,132095.5,556,14.168847498810504
20,7,60,DQN,25,91.68481219379424,132512.5,611,13.802211130415731
20,7,60,DQN,26,93.40689655172416,130917.5,478,14.15818205037866
20,7,60,DQN,27,92.60684895142025,130557.0,557,13.530128040650505
20,7,60,DQN,28,93.83814870601122,130904.0,450,13.725111390428758
20,7,60,DQN,29,92.91514981797816,131761.0,506,13.147616651191214
20,7,90,DQN,0,83.08904867256636,128503.5,1223,14.206542806398724
20,7,90,DQN,1,83.77597357919362,130318.0,1179,12.564862675987706
20,7,90,DQN,2,84.45113605255953,129067.0,1136,13.16402006539907
20,7,90,DQN,3,83.34911402678209,129755.5,1231,13.492976843327671
20,7,90,DQN,4,82.48146186440678,129211.5,1323,14.018993630007774
20,7,90,DQN,5,84.25076452599389,127548.0,1133,15.122878195766862
20,7,90,DQN,6,82.8987098545155,128123.0,1246,14.610216801212086
20,7,90,DQN,7,83.51136674883594,128730.0,1204,14.549596170799578
20,7,90,DQN,8,84.36857260386672,128889.5,1140,13.537961888143244
20,7,90,DQN,9,84.34770553167891,128561.0,1129,14.173482147019822
20,7,90,DQN,10,83.96988364134155,129033.5,1171,13.809279150444716
20,7,90,DQN,11,83.79950152312378,128998.5,1170,13.404583817847737
20,7,90,DQN,12,84.83561643835617,128911.5,1107,13.47265671235994
20,7,90,DQN,13,84.12411298177264,128238.5,1141,13.624318989593323
20,7,90,DQN,14,83.03657694962044,129113.0,1229,13.85730024664715
20,7,90,DQN,15,83.06753570933296,128242.0,1221,14.49454896535724
20,7,90,DQN,16,84.49823225455533,128901.5,1140,13.865896608572314
20,7,90,DQN,17,85.56843267108167,128599.0,1046,13.076273494555313
20,7,90,DQN,18,83.64754098360656,129417.5,1197,13.538308413838134
20,7,90,DQN,19,83.8000273186723,129734.0,1186,13.386863209378124
20,7,90,DQN,20,83.58291735995563,129068.5,1184,14.59576023803668
20,7,90,DQN,21,83.72061235647895,129653.0,1191,13.447562232822332
20,7,90,DQN,22,84.59407037960653,128327.5,1112,14.12739931911962
20,7,90,DQN,23,84.27845667993958,127570.5,1145,13.77567375720023
20,7,90,DQN,24,84.54911768792553,128529.5,1112,13.54863081218796
20,7,90,DQN,25,83.38806787082649,129366.0,1214,13.90036389252202
20,7,90,DQN,26,83.70031851544107,128741.5,1177,13.709721537197968
20,7,90,DQN,27,84.21821077780727,127660.0,1189,15.996457667544757
20,7,90,DQN,28,84.5837333699081,129423.5,1124,13.77969166638778
20,7,90,DQN,29,86.03976801988401,127914.5,1011,14.162025187200094
20,14,10,DQN,0,99.32683060860008,122415.0,49,22.64205795672445
20,14,10,DQN,1,100.0,120056.0,0,23.85108142609513
20,14,10,DQN,2,100.0,122522.0,0,23.908603416350417
20,14,10,DQN,3,100.0,121584.0,0,22.73588843670272
20,14,10,DQN,4,100.0,120784.0,0,22.643715452697265
20,14,10,DQN,5,98.8687474444596,121229.0,83,23.79259225157939
20,14,10,DQN,6,99.54227248249865,120769.0,34,23.413760182524747
20,14,10,DQN,7,99.2070002734482,121260.5,58,21.62779013355675
20,14,10,DQN,8,99.5475113122172,121256.0,33,22.1072718651312
20,14,10,DQN,9,100.0,123740.0,0,24.0699393769502
20,14,10,DQN,10,99.98626750892612,122365.5,1,23.61248099570972
20,14,10,DQN,11,99.7927604310583,119954.5,15,23.266993237021666
20,14,10,DQN,12,99.32941015464624,121458.0,49,23.263000630801223
20,14,10,DQN,13,100.0,123369.5,0,23.04588421243684
20,14,10,DQN,14,99.12472647702408,122036.0,64,21.55791860040494
20,14,10,DQN,15,99.37533948940792,122351.0,46,24.021164121763203
20,14,10,DQN,16,100.0,121852.5,0,23.02845254400715
20,14,10,DQN,17,99.89003436426115,121508.5,8,22.802068363118497
20,14,10,DQN,18,100.0,121787.0,0,22.57303984799085
20,14,10,DQN,19,99.80853391684902,120192.0,14,23.001056540713865
20,14,10,DQN,20,100.0,120315.0,0,22.77921970658748
20,14,10,DQN,21,100.0,121651.0,0,22.69586461439304
20,14,10,DQN,22,100.0,120474.5,0,21.81491258196796
20,14,10,DQN,23,100.0,120652.0,0,22.537140173130584
20,14,10,DQN,24,100.0,121415.0,0,23.2730816506481
20,14,10,DQN,25,99.82147761603954,122541.0,13,24.05621426833409
20,14,10,DQN,26,99.68775454792288,120324.5,23,22.749626496349347
20,14,10,DQN,27,99.4026284348865,120904.0,45,22.15759247097005
20,14,10,DQN,28,99.7442799461642,121782.0,19,23.14732082228449
20,14,10,DQN,29,98.95222129086338,121876.5,75,23.5591747670947
20,14,30,DQN,0,99.2661312655774,133928.0,53,9.2161345705965
20,14,30,DQN,1,100.0,135038.0,0,9.39710052182595
20,14,30,DQN,2,99.67235494880546,133347.5,24,9.446096990717432
20,14,30,DQN,3,100.0,133573.0,0,9.635698621996555
20,14,30,DQN,4,100.0,133569.5,0,9.54215543487969
20,14,30,DQN,5,99.80544747081711,132773.5,14,9.635698621996555
20,14,30,DQN,6,99.43812525695492,134197.0,41,8.890400405253672
20,14,30,DQN,7,99.91690901537184,134585.5,6,9.317384885237033
20,14,30,DQN,8,99.83505154639175,134325.5,12,9.39710052182595
20,14,30,DQN,9,99.93053626007224,132801.0,5,9.446096990717432
20,14,30,DQN,10,100.0,135060.0,0,9.164475704432656
20,14,30,DQN,11,100.0,134568.5,0,9.2161345705965
20,14,30,DQN,12,100.0,134291.5,0,9.39710052182595
20,14,30,DQN,13,100.0,133882.5,0,9.54215543487969
20,14,30,DQN,14,99.2191857222532,133828.0,56,9.164475704432656
20,14,30,DQN,15,99.79290349302777,133479.5,15,9.347445746184194
20,14,30,DQN,16,99.373126192423,133151.0,46,9.317384885237033
20,14,30,DQN,17,100.0,133796.5,0,9.635698621996555
20,14,30,DQN,18,100.0,134402.5,0,9.246118710186035
20,14,30,DQN,19,100.0,133840.0,0,9.58923678860981
20,14,30,DQN,20,100.0,133473.0,0,9.54215543487969
20,14,30,DQN,21,100.0,134789.0,0,9.297122115994132
20,14,30,DQN,22,99.33564013840832,135302.0,48,9.028945758640866
20,14,30,DQN,23,99.84980884762425,133014.5,11,9.446096990717432
20,14,30,DQN,24,100.0,134225.5,0,9.397100521825951
20,14,30,DQN,25,100.0,134256.0,0,9.58923678860981
20,14,30,DQN,26,100.0,133655.5,0,9.726799120454162
20,14,30,DQN,27,99.72185430463576,132474.5,21,9.41595249462964
20,14,30,DQN,28,99.3872549019608,133674.5,45,9.164475704432656
20,14,30,DQN,29,99.77709668431318,133796.0,16,9.54215543487969
20,14,60,DQN,0,91.41470180305132,121516.5,619,19.942542724559612
20,14,60,DQN,1,91.70113041080783,122549.0,602,20.039976934839107
20,14,60,DQN,2,92.22420662178872,122126.5,566,20.092066196344295
20,14,60,DQN,3,93.33333333333331,121868.5,480,20.030376631262875
20,14,60,DQN,4,92.47151383613674,122516.5,555,19.89086380102647
20,14,60,DQN,5,91.56792504822263,122100.5,612,20.15710485069021
20,14,60,DQN,6,93.03155006858712,121713.5,508,19.96934223719891
20,14,60,DQN,7,91.8945176960444,121495.0,584,19.906565386027616
20,14,60,DQN,8,91.61325514796128,122952.0,615,19.741099645152744
20,14,60,DQN,9,92.11822660098522,122822.5,576,19.442501995451163
20,14,60,DQN,10,90.93741533459767,122344.5,669,20.23436523586556
20,14,60,DQN,11,91.54929577464787,122951.0,624,20.09911638018951
20,14,60,DQN,12,92.7961432506887,122255.0,523,19.950351210371
20,14,60,DQN,13,92.05874354093012,121790.0,584,19.974322041112284
20,14,60,DQN,14,92.65715069997256,122973.5,535,19.732209837861088
20,14,60,DQN,15,91.5340987688477,122095.0,612,19.9380726369586
20,14,60,DQN,16,92.2592997811816,122570.5,566,19.87741565742991
20,14,60,DQN,17,91.5698865965296,122351.0,617,19.691179264188616
20,14,60,DQN,18,92.53587196467991,122184.0,541,20.01313136191745
20,14,60,DQN,19,91.86596405891096,123323.0,602,19.862541326456828
20,14,60,DQN,20,92.82982791586998,121651.0,525,19.94870509716059
20,14,60,DQN,21,92.68993839835728,123335.5,534,19.46782112354076
20,14,60,DQN,22,91.0170648464164,122129.5,658,20.159245920838128
20,14,60,DQN,23,92.45153306750996,121978.0,549,20.235292609496184
20,14,60,DQN,24,92.6058766726445,122096.0,536,19.948658063358664
20,14,60,DQN,25,92.43617599130909,123079.5,557,19.66586144086489
20,14,60,DQN,26,91.1991199119912,122689.5,640,20.15663937056363
20,14,60,DQN,27,92.26006191950464,121522.5,575,20.21743319493243
20,14,60,DQN,28,93.04703476482618,122442.0,510,19.9611181442329
20,14,60,DQN,29,92.82270285163246,121321.0,521,20.31595061774666
20,14,90,DQN,0,83.03373893805309,128987.5,1227,13.013914922499612
20,14,90,DQN,1,83.45947433603963,130180.5,1202,14.0487449930288
20,14,90,DQN,2,85.09444292362441,128785.0,1089,13.449585466520602
20,14,90,DQN,3,84.02542946030029,129041.5,1181,13.453421798131458
20,14,90,DQN,4,83.51430084745762,129362.5,1245,13.474885071077187
20,14,90,DQN,5,84.43147067000278,127467.0,1120,13.664134649430626
20,14,90,DQN,6,82.26736206423277,127938.0,1292,12.850600163560769
20,14,90,DQN,7,84.30566967953985,128542.5,1146,12.854980203963208
20,14,90,DQN,8,84.84848484848484,128650.0,1105,13.687666845804708
20,14,90,DQN,9,84.19520310550395,127487.5,1140,13.653006215490056
20,14,90,DQN,10,84.10677618069815,128401.5,1161,12.820995751883189
20,14,90,DQN,11,84.61644973691497,128511.5,1111,12.480271539789785
20,14,90,DQN,12,84.63013698630138,127970.0,1122,13.672715213237934
20,14,90,DQN,13,84.16585501600112,127961.0,1138,13.84354851966931
20,14,90,DQN,14,82.88474810213941,129234.0,1240,12.942632200569822
20,14,90,DQN,15,83.3171543475246,128292.0,1203,13.160455845008345
20,14,90,DQN,16,85.05575197171608,127975.5,1099,13.558668554214032
20,14,90,DQN,17,86.06512141280353,127562.0,1010,14.486131350406142
20,14,90,DQN,18,83.98907103825137,128822.5,1172,12.663492637783705
20,14,90,DQN,19,83.99125802485999,129062.5,1172,13.511391606115048
20,14,90,DQN,20,83.30560177481975,129233.0,1204,13.118682521990504
20,14,90,DQN,21,84.117003827228,129152.0,1162,13.543435957475731
20,14,90,DQN,22,84.1368800221668,128464.0,1145,13.393730100494
20,14,90,DQN,23,84.80021968968832,126910.0,1107,13.907854276760276
20,14,90,DQN,24,85.24385160483536,127777.0,1062,13.092766292115606
20,14,90,DQN,25,83.68910782703887,129007.0,1192,12.855053191992722
20,14,90,DQN,26,83.50643955130869,128203.5,1191,12.928488154743713
20,14,90,DQN,27,84.15184496947172,127331.0,1194,13.387353818411452
20,14,90,DQN,28,84.46029351254973,128700.5,1133,13.245590761103152
20,14,90,DQN,29,85.58409279204639,127599.5,1044,13.71936786469654
25,3,10,DQN,0,83.58024691358025,49326.5,1463,13.732834010796864
25,3,10,DQN,1,84.4320542254291,45703.0,1424,14.14080865815226
25,3,10,DQN,2,81.75927959587086,48229.0,1661,13.732834010796864
25,3,10,DQN,3,83.50709849157055,47057.0,1487,13.93898722949589
25,3,10,DQN,4,84.52238318265984,46141.0,1421,13.93898722949589
25,3,10,DQN,5,78.99067471201316,50777.5,1915,13.732834010796864
25,3,10,DQN,6,81.63488932719703,50967.5,1676,13.93898722949589
25,3,10,DQN,7,83.58094821935765,47851.5,1503,13.93898722949589
25,3,10,DQN,8,87.48209366391184,44919.5,1136,14.14080865815226
25,3,10,DQN,9,84.681130834977,45929.0,1398,13.93898722949589
25,3,10,DQN,10,80.17194471650888,50675.5,1822,13.522150881373223
25,3,10,DQN,11,88.65876619780707,44469.0,1024,14.14080865815226
25,3,10,DQN,12,83.85972554998911,45902.0,1482,14.14080865815226
25,3,10,DQN,13,88.50066342326404,41517.5,1040,14.338481214388516
25,3,10,DQN,14,85.09882300688429,46754.5,1342,13.93898722949589
25,3,10,DQN,15,87.17055107819647,46163.5,1178,14.338481214388516
25,3,10,DQN,16,85.43624903240075,44560.0,1317,14.14080865815226
25,3,10,DQN,17,87.98984435368142,44054.0,1088,14.14080865815226
25,3,10,DQN,18,85.17425980552824,45464.5,1357,14.14080865815226
25,3,10,DQN,19,86.71986009399934,44246.0,1215,14.14080865815226
25,3,10,DQN,20,85.76527852893456,45589.5,1316,14.14080865815226
25,3,10,DQN,21,87.69698945766764,44528.0,1132,14.14080865815226
25,3,10,DQN,22,84.78808454714708,47300.5,1389,13.93898722949589
25,3,10,DQN,23,86.77951100785485,45167.5,1195,13.93898722949589
25,3,10,DQN,24,85.75046801013104,46020.0,1294,14.14080865815226
25,3,10,DQN,25,83.21625418783097,47988.5,1553,14.14080865815226
25,3,10,DQN,26,85.27634325898254,46692.5,1340,13.93898722949589
25,3,10,DQN,27,84.12849872773536,47720.0,1497,14.14080865815226
25,3,10,DQN,28,81.82714426552744,49156.5,1659,13.93898722949589
25,3,10,DQN,29,82.12592347557613,49540.0,1621,13.732834010796864
25,3,30,DQN,0,95.80811970513808,98544.0,381,12.219485222505128
25,3,30,DQN,1,96.9556585043018,98046.5,276,12.125756269059718
25,3,30,DQN,2,94.53663793103448,101346.0,507,11.855260207840608
25,3,30,DQN,3,95.07281287638236,96766.5,450,11.917776728032711
25,3,30,DQN,4,98.52206042164748,99201.0,136,11.774257489361416
25,3,30,DQN,5,98.55889045400367,96046.0,133,12.415947468805305
25,3,30,DQN,6,97.63137600528808,97532.5,215,11.897920739390166
25,3,30,DQN,7,94.38719579039685,97663.0,512,11.775851133540602
25,3,30,DQN,8,97.8466271149198,98222.0,196,12.313963715359336
25,3,30,DQN,9,98.62625381596162,98051.0,126,12.624460139248274
25,3,30,DQN,10,99.04730973259716,98803.5,88,12.010691427878651
25,3,30,DQN,11,95.74988874054294,100065.5,382,11.915320162267465
25,3,30,DQN,12,98.712031769883,97284.0,120,12.235384547121942
25,3,30,DQN,13,98.31251369712908,95786.5,154,12.115785930691152
25,3,30,DQN,14,97.57770158168344,95692.0,219,12.100287756209507
25,3,30,DQN,15,94.16154521510096,98832.0,532,11.619927105992671
25,3,30,DQN,16,98.34345665378244,94974.5,150,12.018813050466044
25,3,30,DQN,17,99.18779497310943,97777.5,74,12.383440416426875
25,3,30,DQN,18,95.64217672177816,101103.0,398,11.38928857146083
25,3,30,DQN,19,98.4686724900248,97125.5,142,12.327671184166142
25,3,30,DQN,20,99.36729573470056,97723.5,58,12.148329527228032
25,3,30,DQN,21,99.15773353751916,98073.0,77,12.322250941608344
25,3,30,DQN,22,94.18747900100796,97555.5,519,11.828320937718384
25,3,30,DQN,23,95.97492576707356,96084.5,366,12.35838147955246
25,3,30,DQN,24,99.24967377120488,97767.5,69,12.17671841601828
25,3,30,DQN,25,96.2194055944056,97562.5,346,11.797503321943283
25,3,30,DQN,26,96.58361440539656,97434.0,314,12.139614422156656
25,3,30,DQN,27,93.44631556365977,101063.5,611,11.917335843260055
25,3,30,DQN,28,98.57814721644974,97667.5,130,12.061517427946828
25,3,30,DQN,29,95.243848857645,98708.0,433,11.88820129711348
25,3,60,DQN,0,89.02064119455424,98221.5,1000,16.678159545262375
25,3,60,DQN,1,90.18541134673032,97961.5,884,16.46905808699595
25,3,60,DQN,2,90.14582412726467,98255.0,892,16.07157008459502
25,3,60,DQN,3,89.66272448532632,100563.5,944,15.964071125439924
25,3,60,DQN,4,88.58101526139193,100854.5,1055,16.036550483131055
25,3,60,DQN,5,88.273474686283,98411.0,1084,16.33906083557293
25,3,60,DQN,6,90.31404958677686,97414.0,879,16.435022493018714
25,3,60,DQN,7,88.79686137750654,100275.5,1028,16.37980439805666
25,3,60,DQN,8,89.23801182395445,98964.5,983,16.599981686917754
25,3,60,DQN,9,89.40477500275058,97848.5,963,16.675819092047394
25,3,60,DQN,10,90.68847551849476,99786.5,871,16.597991997148306
25,3,60,DQN,11,91.2800875273523,97159.0,797,16.292411490357683
25,3,60,DQN,12,89.86984815618221,99682.5,934,16.766004081188846
25,3,60,DQN,13,90.00548546352167,99095.5,911,15.968020207788816
25,3,60,DQN,14,90.28113331869098,99135.0,885,16.268390722073818
25,3,60,DQN,15,89.22286588698218,98648.5,986,16.19175764317002
25,3,60,DQN,16,90.12318521777388,100501.5,898,15.793041311762073
25,3,60,DQN,17,90.68551079456934,98438.5,837,16.38585222453851
25,3,60,DQN,18,88.67321054373001,101500.5,1027,16.09294639354291
25,3,60,DQN,19,89.42122186495178,100279.5,987,16.100780370588886
25,3,60,DQN,20,90.32606348520838,100867.0,896,15.822860672849153
25,3,60,DQN,21,88.55651038833895,101170.5,1052,15.908916951865308
25,3,60,DQN,22,89.44933920704847,95454.5,958,16.94905328346851
25,3,60,DQN,23,89.5933014354067,98102.5,957,16.626412888970158
25,3,60,DQN,24,88.82508833922262,99951.0,1012,15.480155154355764
25,3,60,DQN,25,89.45750054908851,97205.5,960,16.49501650575832
25,3,60,DQN,26,89.72475052089045,95665.0,937,16.748758857006113
25,3,60,DQN,27,90.80918004525374,95691.5,853,16.786630250025176
25,3,60,DQN,28,91.0326682745012,98468.0,818,16.514526720258903
25,3,60,DQN,29,90.4344058065215,100798.0,883,15.952265066225038
25,3,90,DQN,0,80.79234364567104,105549.5,1726,15.74234273705208
25,3,90,DQN,1,80.35382767281861,105287.5,1799,16.11615745320464
25,3,90,DQN,2,82.24166211044287,101464.5,1624,15.751065934197168
25,3,90,DQN,3,78.95196506550218,104000.0,1928,16.007926353411165
25,3,90,DQN,4,81.43988018827557,104037.0,1735,16.255928375702716
25,3,90,DQN,5,80.39520426287744,103577.5,1766,15.838507580796223
25,3,90,DQN,6,83.19717376904394,103457.5,1522,15.961014617339874
25,3,90,DQN,7,80.84531402010593,102526.0,1772,15.619177841907089
25,3,90,DQN,8,82.2333369577036,102062.0,1634,15.900327562301294
25,3,90,DQN,9,81.28888888888889,103513.5,1684,15.846419976880997
25,3,90,DQN,10,81.57638663639312,102090.5,1704,16.136358338364158
25,3,90,DQN,11,82.24505579493979,104798.0,1607,15.889135518015186
25,3,90,DQN,12,80.85408475316733,100059.5,1753,15.69999276880452
25,3,90,DQN,13,81.3395534821726,104648.0,1680,15.95193568833941
25,3,90,DQN,14,82.05384957721407,103166.0,1613,15.608361285394045
25,3,90,DQN,15,80.9942472593075,106789.0,1751,15.962848592429788
25,3,90,DQN,16,80.17958097771866,102001.0,1788,15.827556369407102
25,3,90,DQN,17,81.85250999555753,102708.0,1634,16.094718698244
25,3,90,DQN,18,81.76281696379138,103181.0,1647,15.69210220726473
25,3,90,DQN,19,80.68950703469015,104865.0,1798,15.911087162398273
25,3,90,DQN,20,80.75418387307107,104347.0,1771,15.886773320054631
25,3,90,DQN,21,81.35257186914858,106814.0,1693,16.07138326669753
25,3,90,DQN,22,81.7447319576373,102909.5,1672,15.56964872254964
25,3,90,DQN,23,82.07032103079274,103071.0,1642,16.024329410168765
25,3,90,DQN,24,82.2416774751405,104733.5,1643,15.666681971647687
25,3,90,DQN,25,82.06426056338029,100498.5,1630,15.65685709054782
25,3,90,DQN,26,81.17468244490283,102616.5,1734,15.931783646401664
25,3,90,DQN,27,81.31664853101196,99139.5,1717,15.57326403886384
25,3,90,DQN,28,82.61340261989824,104829.5,1606,16.17334323317112
25,3,90,DQN,29,79.5283327874222,104353.0,1875,16.05255021949617
25,7,10,DQN,0,98.31767533318768,57576.0,154,12.621665360784991
25,7,10,DQN,1,96.53770059353704,58600.0,315,13.091648307031797
25,7,10,DQN,2,97.52335433412992,58159.0,228,12.823088577856304
25,7,10,DQN,3,99.15300249755674,57834.5,78,13.214002819728671
25,7,10,DQN,4,96.98275862068964,60228.5,280,13.04339797800156
25,7,10,DQN,5,97.65915554583242,53568.0,214,12.524953512854072
25,7,10,DQN,6,98.66739486619332,57551.0,122,12.75123945789257
25,7,10,DQN,7,97.96385017421602,56983.0,187,12.663463000985615
25,7,10,DQN,8,98.01266652107446,54328.0,182,12.567670086147942
25,7,10,DQN,9,99.72599736957474,56606.0,25,13.010266310165886
25,7,10,DQN,10,98.6304347826087,56013.5,126,13.24724821568791
25,7,10,DQN,11,97.76567363272564,57361.5,201,12.859621417977229
25,7,10,DQN,12,96.792656587473,56179.0,297,13.234720084885694
25,7,10,DQN,13,99.76045296167248,56919.0,22,12.7266098337602
25,7,10,DQN,14,98.28916470982892,59887.0,153,13.115134596672451
25,7,10,DQN,15,96.97169915207576,58521.5,275,13.169792055344292
25,7,10,DQN,16,98.69024963618044,59252.5,117,13.045642122273469
25,7,10,DQN,17,96.8096809680968,57296.0,290,12.59290861337116
25,7,10,DQN,18,98.43681679055533,57573.0,143,12.984682865444071
25,7,10,DQN,19,99.2520325203252,67245.0,69,12.781343130513658
25,7,10,DQN,20,96.77803005730348,58594.0,298,12.980230937702796
25,7,10,DQN,21,99.9341816586222,58663.5,6,12.389924417020705
25,7,10,DQN,22,97.94956140350877,58149.5,187,12.560680263606596
25,7,10,DQN,23,98.50137741046832,57996.5,136,13.05973113119066
25,7,10,DQN,24,97.74764924557184,55311.0,206,13.279901696873605
25,7,10,DQN,25,99.47708055184692,56884.5,47,12.86242284957498
25,7,10,DQN,26,98.23309920983318,50671.0,161,12.896516394351488
25,7,10,DQN,27,96.87134191763327,56755.0,294,13.353009813624595
25,7,10,DQN,28,97.30297336133523,56091.0,244,13.041095890410958
25,7,10,DQN,29,97.8880211197888,58570.5,192,12.350483157666751
25,7,30,DQN,0,97.90225396116938,115848.0,188,15.72134912037637
25,7,30,DQN,1,100.0,134515.0,0,6.705671845785399
25,7,30,DQN,2,98.83886515500056,133232.5,106,6.595516995361647
25,7,30,DQN,3,98.79010478556768,127086.5,112,12.573641213600848
25,7,30,DQN,4,97.80019315377186,119267.5,205,15.343590956782323
25,7,30,DQN,5,96.86342844696144,103003.5,288,14.149670427371358
25,7,30,DQN,6,98.08158765159868,108818.0,174,15.5005553808212
25,7,30,DQN,7,99.52003571827213,132587.0,43,7.079740441134123
25,7,30,DQN,8,98.1070138964876,112878.0,173,15.834668407892702
25,7,30,DQN,9,99.1118019318308,132992.0,80,6.655673678794384
25,7,30,DQN,10,99.96734516164145,133139.5,3,6.825932691042733
25,7,30,DQN,11,97.5692916849978,133542.0,221,7.228205216193091
25,7,30,DQN,12,96.90159284311586,114802.0,284,15.900469183256863
25,7,30,DQN,13,99.03076749690072,121079.5,86,14.825690148668029
25,7,30,DQN,14,97.062423500612,116406.5,264,15.85896747317014
25,7,30,DQN,15,97.36176761569747,116776.5,240,15.774113871089233
25,7,30,DQN,16,99.3631272647414,128514.0,58,11.540719883310262
25,7,30,DQN,17,98.14446653412855,120854.0,168,14.823563578141007
25,7,30,DQN,18,98.44536895117145,118404.5,142,15.34941134370423
25,7,30,DQN,19,96.72059466550066,129017.5,300,11.933700630304129
25,7,30,DQN,20,99.97828918801564,132737.5,2,6.997090782212584
25,7,30,DQN,21,98.73624577840724,110558.0,116,15.783057299820118
25,7,30,DQN,22,97.40217033870438,118112.5,237,15.767688598937047
25,7,30,DQN,23,98.2237054580687,130264.5,165,9.06282155135796
25,7,30,DQN,24,98.12083469900578,132796.5,172,7.288083210108328
25,7,30,DQN,25,100.0,132292.5,0,8.099586574846292
25,7,30,DQN,26,97.37126784941584,116353.0,243,15.630371097858925
25,7,30,DQN,27,98.33315293862972,119347.5,154,15.159278199137947
25,7,30,DQN,28,97.22100656455144,124374.5,254,13.782319698556623
25,7,30,DQN,29,98.59962509648253,111851.5,127,15.80762563877076
25,7,60,DQN,0,89.66270057853946,69228.5,947,16.02695234132484
25,7,60,DQN,1,84.91150442477876,70727.5,1364,15.315632111568846
25,7,60,DQN,2,88.32229580573951,68273.0,1058,15.315632111568842
25,7,60,DQN,3,85.65950920245399,71421.0,1309,15.214140443397156
25,7,60,DQN,4,83.99569197630588,70851.0,1486,15.315632111568846
25,7,60,DQN,5,88.86939357385678,69672.5,1015,15.974364901973171
25,7,60,DQN,6,85.45650999459752,70906.0,1346,15.214140443397156
25,7,60,DQN,7,89.72188633615478,70999.0,935,15.885828342518971
25,7,60,DQN,8,87.1303395399781,68313.5,1175,15.385360779898573
25,7,60,DQN,9,85.5416392001758,72771.0,1316,14.719495206206611
25,7,60,DQN,10,86.62967798085292,68959.0,1229,14.93454788687879
25,7,60,DQN,11,87.08718626155878,71034.5,1173,15.415676599052272
25,7,60,DQN,12,89.18712493180578,70136.5,991,15.696837020164462
25,7,60,DQN,13,86.35024549918167,68161.0,1251,14.93454788687879
25,7,60,DQN,14,89.94604118489153,68933.0,913,16.044037726101784
25,7,60,DQN,15,89.28690621871176,71789.5,963,15.908114842612552
25,7,60,DQN,16,87.36287845546292,69864.5,1152,15.315632111568842
25,7,60,DQN,17,87.04430734716769,70379.5,1155,14.93454788687879
25,7,60,DQN,18,84.24321673749591,69662.5,1446,14.967883300371032
25,7,60,DQN,19,83.59272249013591,71497.5,1497,14.75453754976328
25,7,60,DQN,20,87.27980114557441,68798.5,1177,15.415676599052272
25,7,60,DQN,21,84.88656583629893,71179.5,1359,14.93454788687879
25,7,60,DQN,22,88.90243902439025,67743.0,1001,15.650863282458497
25,7,60,DQN,23,88.89010868371939,71884.0,1012,15.814082149157567
25,7,60,DQN,24,85.41140283423047,70284.0,1328,15.214140443397156
25,7,60,DQN,25,91.3649627147952,68399.5,799,16.81709805568277
25,7,60,DQN,26,90.32678319400716,70705.5,891,15.707401503761698
25,7,60,DQN,27,86.86998394863564,71678.5,1227,15.21414044339716
25,7,60,DQN,28,88.92661555312158,69928.5,1011,15.650863282458497
25,7,60,DQN,29,87.30670819890977,72240.5,1141,14.645469365660976
25,7,90,DQN,0,81.08138238573022,131668.0,1697,3.419283454646071
25,7,90,DQN,1,83.12153796024764,133697.0,1554,4.214550032444803
25,7,90,DQN,2,83.44653812445223,131088.5,1511,3.970240204435463
25,7,90,DQN,3,81.94565217391305,132107.5,1661,3.419283454646071
25,7,90,DQN,4,82.86627597229622,132229.0,1608,3.841091982097947
25,7,90,DQN,5,80.80043859649123,131456.5,1751,3.101582837936418
25,7,90,DQN,6,81.9212735797623,131638.0,1658,3.41928345464607
25,7,90,DQN,7,81.91804899483687,132424.0,1646,4.094584480497405
25,7,90,DQN,8,82.06610668702956,131046.5,1644,3.101582837936418
25,7,90,DQN,9,82.87366548042705,131447.0,1540,3.970240204435462
25,7,90,DQN,10,83.0376697328077,131310.0,1549,4.214550032444803
25,7,90,DQN,11,81.84038184038184,131503.5,1636,3.41928345464607
25,7,90,DQN,12,83.34969994544463,131292.5,1526,3.970240204435461
25,7,90,DQN,13,82.45338126263762,130635.5,1562,3.2647603528254754
25,7,90,DQN,14,82.78598192638307,131693.5,1562,4.214550032444803
25,7,90,DQN,15,81.78492239467849,131821.0,1643,3.2647603528254754
25,7,90,DQN,16,82.04565408252853,131691.0,1636,3.841091982097947
25,7,90,DQN,17,84.55898446049463,130805.5,1411,4.330500779940655
25,7,90,DQN,18,82.03605980650835,131588.5,1634,3.41928345464607
25,7,90,DQN,19,80.83487335579954,132337.5,1763,3.419283454646071
25,7,90,DQN,20,83.73886595698458,131436.5,1497,3.841091982097947
25,7,90,DQN,21,82.79336872900639,132616.0,1588,4.214550032444803
25,7,90,DQN,22,82.34202772017898,130686.0,1618,3.566277281155722
25,7,90,DQN,23,81.97687104516692,130777.0,1652,3.2647603528254754
25,7,90,DQN,24,82.12037548315848,131661.5,1619,3.5662772811557217
25,7,90,DQN,25,82.14246515201404,132464.0,1627,4.094584480497403
25,7,90,DQN,26,82.06331877729257,131625.0,1643,3.41928345464607
25,7,90,DQN,27,83.3225737034646,131436.5,1550,3.970240204435463
25,7,90,DQN,28,83.16646495764111,131884.5,1530,3.970240204435463
25,7,90,DQN,29,83.65638766519824,130604.0,1484,3.970240204435463
25,14,10,DQN,0,98.70982093204316,136882.0,116,4.50299622942567
25,14,10,DQN,1,100.0,137601.5,0,3.342465753424657
25,14,10,DQN,2,99.91275899672846,136618.0,8,4.128358962108615
25,14,10,DQN,3,99.73744666885462,135763.0,24,4.675549365477663
25,14,10,DQN,4,100.0,135895.5,0,4.434972496769373
25,14,10,DQN,5,99.05424502663332,135684.0,87,4.998479783906501
25,14,10,DQN,6,98.79792072774528,136759.0,111,4.134173043274286
25,14,10,DQN,7,99.37205651491364,136689.0,56,4.710894971424041
25,14,10,DQN,8,99.30966469428007,136336.5,63,4.701325158646864
25,14,10,DQN,9,99.70982142857144,135811.5,26,4.533066932591
25,14,10,DQN,10,100.0,136228.5,0,4.793033037350037
25,14,10,DQN,11,100.0,137257.0,0,3.999437002976405
25,14,10,DQN,12,99.74849644614542,136772.5,23,3.999437002976404
25,14,10,DQN,13,100.0,134856.0,0,5.349415921733582
25,14,10,DQN,14,98.71216290588882,136856.0,117,4.849856791969056
25,14,10,DQN,15,100.0,136604.5,0,4.475575382528074
25,14,10,DQN,16,99.37383280237285,136216.5,57,4.833889248760391
25,14,10,DQN,17,100.0,136133.0,0,5.0217018240814655
25,14,10,DQN,18,99.58474483662988,137125.0,38,4.3857871063174425
25,14,10,DQN,19,99.62975062615703,136063.5,34,4.616580624611589
25,14,10,DQN,20,100.0,136124.0,0,4.40746905253484
25,14,10,DQN,21,100.0,136661.5,0,4.223623347645184
25,14,10,DQN,22,98.85782660720112,136228.0,105,4.9060224324892605
25,14,10,DQN,23,99.3054801953337,135790.5,64,4.616580624611588
25,14,10,DQN,24,99.69311705392371,136650.0,28,4.041072672327077
25,14,10,DQN,25,100.0,137314.5,0,4.344863432096906
25,14,10,DQN,26,99.75972040192224,136741.5,22,4.139253665153284
25,14,10,DQN,27,99.15254237288136,135998.0,79,4.685972807452703
25,14,10,DQN,28,99.27047038327528,137122.0,67,4.1941975305774495
25,14,10,DQN,29,99.48532632501094,136254.0,47,4.643330477234057
25,14,30,DQN,0,97.54499000222174,133409.0,221,4.174465085970611
25,14,30,DQN,1,99.33106700296084,123786.5,61,13.49603612844653
25,14,30,DQN,2,99.6840614446018,133054.5,29,3.131448123228395
25,14,30,DQN,3,99.3771853146853,131871.0,57,3.0923728349638275
25,14,30,DQN,4,99.13625566832218,132130.5,80,3.092372834963828
25,14,30,DQN,5,96.8235039028621,133294.5,293,4.435987868056788
25,14,30,DQN,6,98.42988630211154,132976.5,145,3.5156140470732824
25,14,30,DQN,7,98.28029034059185,133337.5,154,2.919576285974186
25,14,30,DQN,8,97.6143576274896,132918.5,218,3.4802070154959823
25,14,30,DQN,9,98.859357696567,133132.0,103,3.092372834963828
25,14,30,DQN,10,100.0,132757.0,0,2.779978278129496
25,14,30,DQN,11,98.89964788732394,133913.0,100,3.1314481232283944
25,14,30,DQN,12,99.23287671232876,133297.0,70,2.961439806437624
25,14,30,DQN,13,98.42158289488414,127857.5,141,9.60022830778747
25,14,30,DQN,14,97.97687861271676,133563.0,182,2.779978278129496
25,14,30,DQN,15,97.17551379272447,133161.0,257,3.860000768111061
25,14,30,DQN,16,97.97423758670044,132897.5,184,3.8271923146509534
25,14,30,DQN,17,99.56154773649018,132690.5,40,2.961439806437624
25,14,30,DQN,18,98.75382597289024,132202.5,114,3.515614047073283
25,14,30,DQN,19,98.76825812077612,132989.5,113,3.4802070154959823
25,14,30,DQN,20,98.75419781172138,133296.5,115,3.092372834963828
25,14,30,DQN,21,99.2726088372598,133018.0,67,2.7799782781294957
25,14,30,DQN,22,97.77438359153392,133151.0,204,3.131448123228395
25,14,30,DQN,23,97.67795138888889,132665.0,214,3.515614047073283
25,14,30,DQN,24,98.27737546631556,133395.0,157,3.1314481232283944
25,14,30,DQN,25,99.17654808959156,133821.0,75,3.092372834963828
25,14,30,DQN,26,97.45577637038654,133319.5,233,3.515614047073283
25,14,30,DQN,27,98.08269065981148,132778.5,179,3.092372834963828
25,14,30,DQN,28,99.23413566739606,132098.5,70,4.7088231624424814
25,14,30,DQN,29,99.13196352049223,132173.5,79,3.0923728349638275
25,14,60,DQN,0,89.7733616166127,124140.0,916,19.477968461700733
25,14,60,DQN,1,91.05555555555556,124329.0,805,20.43923755857788
25,14,60,DQN,2,91.63364156759135,122526.5,760,20.84580461149303
25,14,60,DQN,3,91.13252490255522,124338.5,819,19.79277140681591
25,14,60,DQN,4,89.55239824805042,123784.5,978,20.39438510698256
25,14,60,DQN,5,89.66987319632706,124233.0,945,20.655717372228477
25,14,60,DQN,6,91.21106512742324,125299.5,807,19.64756083208304
25,14,60,DQN,7,89.03810459657167,124181.0,1004,20.71609735955281
25,14,60,DQN,8,90.67453809992348,124766.5,853,20.190981564449395
25,14,60,DQN,9,90.3090969090309,123717.5,881,20.09827609075537
25,14,60,DQN,10,90.9328683522232,123479.5,832,20.846056664000784
25,14,60,DQN,11,91.26939823601651,124205.0,782,20.19336065639798
25,14,60,DQN,12,91.53433358887308,122341.0,773,20.5140176525151
25,14,60,DQN,13,88.97945511389013,123794.0,987,19.99812338728181
25,14,60,DQN,14,89.24994435789006,124090.5,966,19.784995575323144
25,14,60,DQN,15,91.30195733450628,123792.0,791,20.342055251612017
25,14,60,DQN,16,90.26804582360138,123726.0,875,20.29240184225807
25,14,60,DQN,17,89.93858179787829,123884.0,901,19.84866746913364
25,14,60,DQN,18,88.55567805953693,124038.0,1038,20.67315277448218
25,14,60,DQN,19,89.92984349703184,124813.0,933,19.696019793895516
25,14,60,DQN,20,91.04252104467948,123935.5,830,20.342055251612013
25,14,60,DQN,21,90.9318255953028,124071.0,834,20.583239095365222
25,14,60,DQN,22,88.37793555434189,124321.0,1064,19.695638692972445
25,14,60,DQN,23,91.50362717080677,123627.5,773,19.84866746913364
25,14,60,DQN,24,88.9953194731686,125350.0,1011,19.74493006036637
25,14,60,DQN,25,90.29850746268656,124741.5,884,20.002626962023584
25,14,60,DQN,26,91.29576847182636,124745.5,794,19.79989972888209
25,14,60,DQN,27,90.16268980477224,124382.5,907,20.136632184007773
25,14,60,DQN,28,90.2736888016574,124077.5,892,19.584729863738648
25,14,60,DQN,29,91.11308598089312,122696.5,800,20.48219617845552
25,14,90,DQN,0,79.48097646800088,110476.0,1866,11.728011610382673
25,14,90,DQN,1,83.08216917830822,110620.0,1538,11.391133759058288
25,14,90,DQN,2,83.80628903254082,113020.0,1478,11.512066658032143
25,14,90,DQN,3,82.07897033158812,108052.0,1643,12.456868729040924
25,14,90,DQN,4,80.70844686648502,111678.5,1770,10.87018885839738
25,14,90,DQN,5,80.55678303137428,114407.5,1760,11.026639980804616
25,14,90,DQN,6,80.6166920897799,111339.0,1779,11.53063425684692
25,14,90,DQN,7,81.21546961325967,109151.5,1700,11.627224250839951
25,14,90,DQN,8,82.80977312390925,108381.5,1576,12.289740361211608
25,14,90,DQN,9,82.59907017932257,108939.5,1572,12.04844166351179
25,14,90,DQN,10,80.66659405293541,110540.0,1775,11.570794275465024
25,14,90,DQN,11,83.71787862219793,114792.5,1489,9.964621222697874
25,14,90,DQN,12,82.57252326217844,114555.5,1592,10.862383163306708
25,14,90,DQN,13,81.79171332586786,112791.0,1626,11.115862289786024
25,14,90,DQN,14,82.43707728129505,113240.5,1584,11.198410202691388
25,14,90,DQN,15,82.88396463268202,110208.0,1568,10.72244906108289
25,14,90,DQN,16,82.30146576241523,108170.0,1618,12.158952261505895
25,14,90,DQN,17,82.44866754041065,111215.0,1607,11.269435995313502
25,14,90,DQN,18,82.39123359010524,115199.0,1623,11.71552467812552
25,14,90,DQN,19,81.07752956636006,112682.5,1728,10.607517241579185
25,14,90,DQN,20,81.1715937602269,111000.0,1726,11.153276263132906
25,14,90,DQN,21,82.96361053436783,112925.0,1559,10.800707496130231
25,14,90,DQN,22,80.42275343072156,111321.5,1769,12.06773900276141
25,14,90,DQN,23,81.88045519832062,110748.0,1640,11.65172979779894
25,14,90,DQN,24,81.23648940769563,110009.5,1736,11.668981710994082
25,14,90,DQN,25,82.95271791572854,112642.0,1590,10.570727930696172
25,14,90,DQN,26,80.80863121185702,111645.0,1761,11.47758836671304
25,14,90,DQN,27,80.89996762706377,112051.0,1770,11.402198614006512
25,14,90,DQN,28,80.3448275862069,108696.0,1824,11.810729796985417
25,14,90,DQN,29,81.5668202764977,110133.5,1680,11.4340817212252
